id_escopo_autuacao,id_uf,id_amparo_legal,id_infracao,date,quantidade_autos
3,9,4,4,2021-02-01,400
3,10,4,3,2021-02-01,17
3,9,4,3,2021-03-01,406
3,3,4,5,2021-04-01,930
3,9,4,3,2021-04-01,353
1,5,4,6,2021-05-01,5
1,11,4,6,2021-05-01,1
3,1,4,3,2021-05-01,6
3,6,4,5,2021-05-01,91
1,3,4,6,2021-06-01,2
3,9,4,4,2021-06-01,353
1,8,4,6,2021-07-01,1
3,3,4,3,2021-01-01,69
3,11,4,4,2021-01-01,113
3,5,4,5,2021-02-01,347
3,11,4,3,2021-02-01,61
3,11,4,4,2021-02-01,154
3,3,4,3,2021-03-01,103
1,10,4,6,2021-04-01,1
3,8,4,3,2021-04-01,73
3,12,4,5,2021-04-01,535
3,6,4,4,2021-05-01,32
3,10,4,5,2021-06-01,82
3,11,4,3,2021-06-01,189
3,8,4,5,2021-07-01,670
2,3,1,1,2021-07-01,63
3,10,4,4,2021-07-01,77
3,8,4,5,2021-08-01,561
3,9,4,3,2021-08-01,350
1,5,4,7,2021-09-01,1
3,11,4,4,2021-09-01,30
3,3,4,3,2021-10-01,102
3,5,,2,2021-10-01,3
3,9,4,3,2021-10-01,461
2,3,1,1,2021-11-01,193
3,10,4,4,2021-11-01,46
3,7,4,4,2021-12-01,49
3,8,4,4,2021-12-01,72
2,3,1,1,2022-01-01,136
3,9,4,3,2022-01-01,459
1,8,4,8,2021-08-01,1
3,9,4,4,2021-08-01,260
3,11,4,4,2021-08-01,144
1,9,4,8,2021-09-01,2
3,7,4,3,2021-09-01,70
3,8,4,3,2021-09-01,162
1,12,4,6,2021-10-01,2
3,11,4,4,2021-10-01,141
3,4,4,3,2021-11-01,58
3,8,4,3,2021-11-01,124
1,3,4,6,2021-12-01,1
1,5,4,6,2021-12-01,1
3,8,4,3,2021-12-01,103
3,10,4,4,2021-12-01,23
3,11,4,5,2021-12-01,272
2,7,1,1,2022-01-01,899
3,4,4,5,2022-01-01,353
3,11,4,4,2022-01-01,353
3,11,4,5,2021-02-01,626
3,5,4,3,2021-03-01,33
3,8,4,5,2021-03-01,363
3,4,,2,2021-05-01,3
3,4,4,4,2021-05-01,99
3,4,4,5,2021-05-01,562
2,3,1,1,2021-06-01,415
1,5,4,6,2021-01-01,2
3,6,4,4,2021-01-01,41
3,10,4,3,2021-01-01,10
2,3,1,1,2021-03-01,631
3,9,4,4,2021-03-01,453
2,3,1,1,2021-04-01,385
2,9,1,1,2021-04-01,4152
3,4,4,5,2021-04-01,248
3,6,4,5,2021-04-01,103
1,8,4,6,2021-05-01,1
3,3,4,3,2021-05-01,157
3,3,4,5,2021-05-01,1170
3,4,4,3,2021-05-01,19
3,5,,2,2021-05-01,1
3,9,4,5,2021-05-01,3110
3,10,4,4,2021-05-01,72
3,12,4,4,2021-05-01,45
3,1,4,3,2021-06-01,1
3,4,4,5,2021-06-01,92
3,5,4,3,2021-01-01,57
3,8,4,4,2021-01-01,58
1,9,4,6,2021-03-01,1
1,11,4,6,2021-03-01,1
3,11,4,4,2021-03-01,207
1,9,4,7,2021-04-01,1
1,9,4,8,2021-04-01,1
3,10,4,5,2021-04-01,792
3,12,4,3,2021-05-01,55
2,9,1,1,2021-06-01,4073
3,5,4,4,2021-06-01,653
2,4,1,1,2021-07-01,437
3,4,,2,2021-07-01,5
3,5,4,5,2021-07-01,1564
3,6,4,3,2021-07-01,1
2,5,1,1,2021-07-01,1023
1,9,4,7,2021-09-01,4
2,12,1,1,2021-09-01,2301
3,4,4,5,2021-09-01,358
3,12,4,5,2021-10-01,326
2,7,1,1,2021-11-01,12
3,5,4,5,2021-11-01,711
1,3,4,7,2021-12-01,1
3,3,4,4,2022-01-01,96
3,7,4,3,2022-01-01,26
3,11,4,5,2022-01-01,677
3,10,4,3,2021-07-01,86
3,11,4,4,2021-07-01,204
1,8,4,6,2021-08-01,2
2,12,1,1,2021-08-01,1614
3,10,4,5,2021-08-01,443
1,8,4,8,2021-09-01,1
2,5,1,1,2021-09-01,3363
3,3,4,3,2021-09-01,65
3,5,4,4,2021-09-01,434
3,12,4,4,2021-09-01,134
2,12,1,1,2021-10-01,1442
1,9,4,6,2021-11-01,4
3,8,4,4,2021-11-01,101
3,8,4,5,2021-11-01,157
3,11,4,3,2021-11-01,193
3,3,4,3,2021-12-01,124
3,7,4,3,2021-12-01,77
1,9,4,6,2022-01-01,4
3,5,4,5,2022-01-01,754
3,8,4,5,2022-01-01,44
2,5,1,1,2021-06-01,1744
3,8,4,3,2021-06-01,125
3,3,4,3,2021-07-01,112
3,4,4,5,2021-07-01,317
2,3,1,1,2021-08-01,20
3,5,4,3,2021-08-01,183
3,7,4,3,2021-08-01,47
2,5,1,1,2021-10-01,1858
3,11,4,3,2021-10-01,164
3,3,4,3,2021-11-01,94
2,9,1,1,2021-12-01,3099
3,10,4,3,2022-01-01,10
3,3,4,4,2021-01-01,95
3,9,,5,2021-01-01,1
3,11,4,3,2021-01-01,51
1,9,4,6,2021-04-01,1
1,9,4,7,2021-05-01,3
1,9,4,6,2021-05-01,4
3,8,4,3,2021-05-01,65
3,3,4,3,2021-06-01,135
3,10,4,4,2021-06-01,24
3,11,4,5,2021-06-01,702
1,9,4,6,2021-07-01,3
1,5,4,7,2021-08-01,1
3,11,4,3,2021-08-01,151
3,5,4,3,2021-09-01,213
3,11,4,5,2021-09-01,86
3,12,4,3,2021-09-01,160
1,9,4,6,2021-10-01,7
3,7,4,4,2021-10-01,39
3,12,4,4,2021-10-01,88
1,8,4,6,2021-11-01,1
2,12,1,1,2021-11-01,1260
3,5,4,4,2021-11-01,169
3,12,4,4,2021-11-01,171
2,12,1,1,2021-12-01,851
3,1,4,3,2021-12-01,5
3,11,4,4,2021-12-01,160
3,11,4,3,2021-12-01,176
3,12,4,4,2021-12-01,149
3,5,4,4,2021-01-01,172
3,12,4,5,2021-01-01,443
3,5,4,3,2021-02-01,32
3,9,4,3,2021-02-01,276
3,10,4,4,2021-02-01,33
3,3,4,5,2021-03-01,1155
3,5,4,4,2021-03-01,78
3,8,4,4,2021-03-01,59
3,9,4,5,2021-03-01,3437
2,3,1,1,2021-05-01,215
3,3,4,4,2021-05-01,135
2,4,1,1,2021-06-01,962
2,12,1,1,2021-06-01,804
3,5,4,3,2021-06-01,174
3,6,4,5,2021-06-01,52
3,12,4,3,2021-07-01,108
1,8,4,7,2021-08-01,1
3,3,4,4,2021-08-01,62
3,3,4,3,2021-08-01,87
3,7,4,5,2021-08-01,209
3,8,4,5,2021-09-01,643
3,9,4,5,2021-10-01,1713
3,10,4,5,2021-10-01,235
1,9,4,7,2021-11-01,4
1,10,4,8,2021-11-01,1
3,3,4,5,2021-11-01,256
3,10,4,3,2021-11-01,57
3,11,4,4,2021-11-01,169
2,4,1,1,2021-12-01,1021
3,8,4,5,2021-12-01,112
3,10,4,5,2021-12-01,177
2,5,1,1,2022-01-01,172
3,11,4,3,2022-01-01,330
1,3,4,7,2021-01-01,1
3,6,4,5,2021-01-01,83
3,9,4,3,2021-01-01,307
3,3,4,5,2021-02-01,816
3,8,4,4,2021-02-01,81
3,12,4,5,2021-03-01,488
2,4,1,1,2021-04-01,347
3,4,4,4,2021-04-01,35
3,10,4,4,2021-04-01,65
2,12,1,1,2021-05-01,1305
3,11,4,4,2021-05-01,211
1,9,4,7,2021-06-01,4
3,8,4,3,2021-07-01,161
3,9,4,3,2021-07-01,425
3,11,4,5,2021-07-01,798
1,5,4,6,2021-08-01,2
3,5,4,4,2021-08-01,476
3,11,4,5,2021-08-01,616
3,12,4,4,2021-08-01,72
3,3,4,4,2021-09-01,51
3,8,4,4,2021-09-01,114
3,10,4,4,2021-10-01,31
3,12,4,3,2021-10-01,123
3,4,4,5,2021-11-01,201
3,7,4,3,2021-11-01,99
3,7,4,5,2021-11-01,287
3,9,4,3,2021-11-01,411
3,10,4,5,2021-11-01,234
3,5,4,5,2021-12-01,609
3,12,4,5,2021-12-01,197
2,4,1,1,2022-01-01,678
1,9,4,6,2021-01-01,3
1,9,4,7,2021-01-01,5
3,5,4,5,2021-01-01,809
3,8,4,5,2021-01-01,364
1,8,4,6,2021-02-01,1
3,8,4,3,2021-02-01,51
1,9,4,8,2021-03-01,3
3,5,4,5,2021-03-01,495
3,3,4,4,2021-04-01,100
3,11,4,3,2021-05-01,119
3,4,,2,2021-06-01,5
2,12,1,1,2021-01-01,422
2,12,1,1,2021-02-01,395
1,9,4,7,2021-03-01,2
3,8,4,3,2021-03-01,31
3,10,4,3,2021-03-01,12
3,8,4,4,2021-04-01,98
1,5,4,8,2021-05-01,1
3,5,4,4,2021-05-01,282
1,5,4,8,2021-06-01,2
1,5,4,6,2021-06-01,3
1,12,4,6,2021-06-01,2
3,5,4,5,2021-06-01,781
3,8,4,4,2021-06-01,128
3,9,4,5,2021-06-01,2117
3,12,4,3,2021-06-01,138
3,12,4,5,2021-06-01,536
1,5,4,6,2021-07-01,7
1,11,4,6,2021-07-01,1
2,9,1,1,2021-07-01,5205
3,3,4,5,2021-07-01,257
3,4,4,4,2021-07-01,102
3,5,,2,2021-07-01,1
3,11,4,3,2021-07-01,212
3,12,4,4,2021-07-01,128
3,5,,2,2021-08-01,4
3,10,4,3,2021-08-01,130
3,3,4,4,2021-10-01,60
3,10,4,3,2021-10-01,36
1,5,4,6,2021-11-01,1
3,9,4,5,2021-11-01,724
1,12,4,7,2021-12-01,1
1,9,4,7,2022-01-01,2
2,12,1,1,2022-01-01,748
3,8,4,4,2022-01-01,25
3,10,4,5,2022-01-01,51
1,11,4,6,2021-08-01,2
3,5,4,5,2021-08-01,1697
3,10,4,4,2021-08-01,81
1,9,4,6,2021-09-01,8
2,9,1,1,2021-09-01,4811
3,4,4,3,2021-09-01,43
3,5,,2,2021-09-01,2
1,9,4,8,2021-10-01,1
3,5,4,4,2021-10-01,251
3,11,4,5,2021-10-01,622
3,4,4,4,2021-11-01,49
3,12,4,5,2021-11-01,195
1,7,4,6,2021-12-01,1
1,9,4,7,2021-12-01,1
2,3,1,1,2021-12-01,194
3,3,4,4,2021-12-01,136
3,4,4,4,2021-12-01,151
3,9,4,3,2021-12-01,441
3,9,4,5,2021-12-01,711
3,5,4,4,2022-01-01,221
3,5,4,3,2022-01-01,224
3,12,4,4,2022-01-01,99
1,6,4,6,2021-01-01,1
2,9,1,1,2021-01-01,6330
3,6,4,3,2021-01-01,7
3,9,4,4,2021-01-01,435
3,9,4,5,2021-01-01,2991
1,9,4,7,2021-02-01,4
3,3,4,3,2021-02-01,89
3,3,4,4,2021-02-01,106
3,10,4,5,2021-03-01,418
3,11,4,5,2021-03-01,839
1,6,4,8,2021-04-01,1
2,12,1,1,2021-04-01,531
3,6,4,3,2021-04-01,6
3,8,4,5,2021-04-01,750
3,9,4,4,2021-04-01,469
3,11,4,3,2021-04-01,119
3,12,4,3,2021-04-01,65
3,9,4,3,2021-05-01,365
3,9,4,4,2021-05-01,445
3,10,4,3,2021-05-01,47
3,10,4,5,2021-05-01,568
3,3,4,4,2021-06-01,84
3,11,4,4,2021-06-01,165
3,12,4,4,2021-06-01,115
3,10,4,4,2021-01-01,17
3,10,4,5,2021-01-01,154
3,12,4,4,2021-01-01,66
1,12,4,6,2021-02-01,2
3,10,4,5,2021-02-01,339
3,12,4,3,2021-02-01,55
3,12,4,4,2021-03-01,74
3,4,4,3,2021-04-01,7
3,5,4,4,2021-04-01,164
3,5,4,5,2021-04-01,948
3,8,4,5,2021-05-01,540
3,11,4,5,2021-05-01,794
1,9,4,6,2021-06-01,5
3,4,4,3,2021-06-01,14
3,5,,2,2021-06-01,3
3,4,4,3,2021-07-01,56
3,8,4,4,2021-07-01,137
3,9,4,4,2021-07-01,316
2,9,1,1,2021-08-01,4143
3,1,4,3,2021-08-01,13
3,3,4,5,2021-08-01,247
3,7,4,5,2021-09-01,260
3,8,4,3,2021-10-01,109
2,4,1,1,2021-11-01,1740
3,3,4,4,2021-11-01,64
3,11,4,5,2021-11-01,292
3,4,4,3,2021-12-01,149
3,4,4,5,2021-12-01,380
3,7,4,4,2022-01-01,22
3,7,4,5,2022-01-01,236
3,8,4,3,2022-01-01,29
2,5,1,1,2021-08-01,1853
3,8,4,3,2021-08-01,148
1,8,4,6,2021-09-01,1
2,4,1,1,2021-09-01,1723
3,7,4,4,2021-09-01,54
1,5,4,6,2021-10-01,1
1,9,4,7,2021-10-01,2
3,3,4,5,2021-10-01,345
3,7,4,5,2021-10-01,279
3,8,4,5,2021-10-01,362
2,9,1,1,2022-01-01,2022
3,12,4,3,2022-01-01,103
2,3,1,1,2021-01-01,41
3,11,4,5,2021-01-01,478
1,9,4,8,2021-02-01,1
2,9,1,1,2021-02-01,6508
3,9,4,5,2021-02-01,3275
1,3,4,6,2021-03-01,1
3,3,4,4,2021-03-01,125
3,10,4,4,2021-03-01,26
3,12,4,3,2021-03-01,46
1,6,4,6,2021-04-01,1
3,5,4,3,2021-04-01,37
3,6,4,3,2021-05-01,9
1,9,4,7,2021-07-01,4
2,12,1,1,2021-07-01,832
3,5,4,3,2021-07-01,254
3,6,4,4,2021-07-01,4
3,10,4,5,2021-07-01,223
1,12,4,6,2021-08-01,2
3,4,4,4,2021-08-01,194
3,5,4,5,2021-09-01,1446
3,9,4,4,2021-09-01,347
3,9,4,3,2021-09-01,456
3,9,4,5,2021-09-01,1894
3,12,4,5,2021-09-01,735
3,4,4,4,2021-10-01,72
3,1,4,3,2021-11-01,5
1,9,4,6,2021-12-01,4
3,3,4,5,2021-12-01,374
3,5,4,3,2021-12-01,131
3,9,4,4,2021-12-01,320
3,9,4,5,2022-01-01,803
3,10,4,4,2022-01-01,7
3,3,4,5,2021-01-01,939
3,4,4,5,2021-02-01,1
1,12,4,6,2021-03-01,2
3,6,4,4,2021-04-01,37
3,10,4,3,2021-04-01,40
3,11,4,5,2021-04-01,1013
3,5,4,5,2021-05-01,1339
3,12,4,5,2021-05-01,384
3,6,4,3,2021-06-01,11
3,8,4,5,2021-06-01,444
1,5,4,7,2021-07-01,2
3,5,4,4,2021-07-01,328
3,4,,2,2021-08-01,7
3,4,4,5,2021-08-01,458
3,8,4,4,2021-08-01,107
3,9,4,5,2021-08-01,1628
3,4,4,4,2021-09-01,143
3,10,4,3,2021-09-01,91
3,11,4,3,2021-09-01,26
3,4,4,3,2021-10-01,58
3,5,4,3,2021-10-01,148
1,12,4,6,2021-11-01,6
2,5,1,1,2021-11-01,2093
3,7,4,4,2021-11-01,40
3,12,4,3,2021-11-01,190
1,3,4,8,2021-12-01,1
1,9,4,8,2021-12-01,1
3,7,4,5,2021-12-01,232
3,9,4,4,2021-10-01,317
3,9,4,4,2021-11-01,257
2,7,1,1,2021-12-01,330
3,5,4,4,2021-12-01,192
3,10,4,3,2021-12-01,31
1,5,4,7,2022-01-01,1
3,3,4,3,2022-01-01,71
3,4,4,4,2022-01-01,126
3,9,4,4,2022-01-01,372
1,9,4,8,2021-01-01,2
1,11,4,6,2021-01-01,3
3,8,4,3,2021-01-01,33
3,12,4,3,2021-01-01,46
1,9,4,6,2021-02-01,3
3,5,4,4,2021-02-01,84
3,12,4,4,2021-02-01,50
3,12,4,5,2021-02-01,386
2,12,1,1,2021-03-01,1074
3,11,4,3,2021-03-01,81
1,5,4,6,2021-04-01,3
1,11,4,6,2021-04-01,2
2,5,1,1,2021-04-01,233
3,11,4,4,2021-04-01,238
3,12,4,4,2021-04-01,66
1,9,4,8,2021-05-01,1
2,4,1,1,2021-05-01,798
2,9,1,1,2021-05-01,3464
3,5,4,3,2021-05-01,98
3,8,4,4,2021-05-01,107
3,3,4,5,2021-06-01,593
3,4,4,4,2021-06-01,256
3,9,4,3,2021-06-01,442
3,10,4,3,2021-06-01,50
1,9,4,8,2021-07-01,1
3,3,4,4,2021-07-01,63
1,9,4,6,2021-08-01,6
3,4,4,3,2021-08-01,65
3,12,4,5,2021-08-01,403
1,12,4,6,2021-09-01,2
3,3,4,5,2021-09-01,287
3,10,4,4,2021-09-01,74
2,4,1,1,2021-10-01,1964
3,4,4,5,2021-10-01,455
1,3,4,6,2021-11-01,1
2,9,1,1,2021-11-01,4392
2,5,1,1,2021-12-01,637
3,12,4,3,2021-12-01,205
1,5,4,6,2022-01-01,3
2,3,1,1,2021-02-01,762
3,8,4,5,2021-02-01,414
2,9,1,1,2021-03-01,6943
3,3,4,3,2021-04-01,78
3,9,4,5,2021-04-01,3512
2,5,1,1,2021-05-01,1041
3,6,4,4,2021-06-01,22
3,6,4,5,2021-07-01,14
3,9,4,5,2021-07-01,2077
3,12,4,5,2021-07-01,561
2,4,1,1,2021-08-01,930
3,7,4,4,2021-08-01,46
3,12,4,3,2021-08-01,97
1,5,4,6,2021-09-01,4
3,10,4,5,2021-09-01,461
2,9,1,1,2021-10-01,3782
3,5,4,5,2021-10-01,1303
3,7,4,3,2021-10-01,63
3,8,4,4,2021-10-01,76
3,5,4,3,2021-11-01,143
1,11,4,6,2022-01-01,1
3,3,4,5,2022-01-01,238
3,4,4,3,2022-01-01,159
2,9,1,1,2022-02-01,2939
2,4,1,1,2022-02-01,840
3,4,4,3,2022-02-01,135
3,7,4,4,2022-02-01,75
1,11,4,8,2022-03-01,1
3,5,4,4,2022-03-01,290
3,7,4,3,2022-03-01,65
1,5,4,8,2022-06-01,1
1,11,4,7,2022-06-01,1
3,3,4,4,2022-06-01,232
3,3,4,3,2022-06-01,262
3,3,4,5,2022-06-01,579
3,4,4,5,2022-06-01,163
3,11,4,3,2022-06-01,174
1,10,4,6,2022-07-01,1
3,3,4,4,2022-07-01,178
3,7,4,4,2022-07-01,33
1,5,3,7,2022-08-01,2
1,9,2,8,2022-08-01,1
3,5,3,3,2022-08-01,205
3,9,3,5,2022-08-01,1099
3,10,2,3,2022-08-01,6
3,11,3,3,2022-08-01,84
3,3,3,4,2022-09-01,475
1,9,3,8,2022-10-01,5
1,9,3,7,2022-10-01,6
3,7,3,5,2022-10-01,628
3,10,3,3,2022-10-01,288
3,9,3,4,2022-11-01,421
3,10,3,5,2022-11-01,1295
1,3,3,7,2022-12-01,3
2,9,1,1,2022-12-01,1789
3,3,4,4,2022-02-01,63
1,9,4,7,2022-03-01,2
2,7,1,1,2022-03-01,2305
3,9,4,5,2022-04-01,1224
1,5,4,7,2022-05-01,2
3,5,4,5,2022-05-01,899
3,11,4,5,2022-05-01,420
3,5,4,5,2022-06-01,752
3,9,4,3,2022-07-01,864
3,11,4,3,2022-07-01,80
1,11,3,6,2022-08-01,10
3,4,2,4,2022-08-01,1
3,5,4,4,2022-08-01,1
3,7,3,4,2022-08-01,11
3,10,3,5,2022-08-01,354
3,1,4,3,2022-02-01,12
3,4,4,5,2022-03-01,438
1,12,4,7,2022-04-01,1
3,7,4,3,2022-04-01,68
2,5,1,1,2022-05-01,470
2,4,1,1,2022-06-01,472
3,4,4,3,2022-06-01,97
3,5,4,3,2022-06-01,332
1,4,4,6,2022-07-01,1
1,5,4,7,2022-07-01,1
1,9,4,6,2022-07-01,5
3,4,4,4,2022-07-01,58
3,10,4,4,2022-07-01,60
1,9,3,7,2022-09-01,1
3,10,3,4,2022-09-01,51
3,11,3,5,2022-09-01,247
1,3,3,7,2022-10-01,2
1,5,3,8,2022-10-01,3
3,8,3,4,2022-10-01,20
3,5,4,4,2022-02-01,222
3,5,4,5,2022-02-01,770
3,9,4,4,2022-02-01,319
3,12,4,4,2022-02-01,96
1,5,4,6,2022-03-01,1
3,3,4,3,2022-03-01,22
3,5,4,5,2022-03-01,1029
3,9,4,4,2022-04-01,629
3,10,4,5,2022-04-01,414
3,11,4,3,2022-05-01,214
1,3,4,6,2022-06-01,4
1,9,4,6,2022-06-01,3
1,10,4,8,2022-06-01,2
2,5,1,1,2022-07-01,2309
3,7,4,5,2022-07-01,320
3,11,4,5,2022-07-01,210
2,4,1,1,2022-08-01,55
2,7,1,1,2022-08-01,78
3,5,2,5,2022-08-01,49
1,3,3,7,2022-09-01,6
1,10,3,6,2022-09-01,1
3,5,3,5,2022-09-01,992
3,12,3,5,2022-09-01,152
1,4,3,7,2022-11-01,6
1,5,3,6,2022-11-01,8
2,7,1,1,2022-11-01,1184
2,12,1,1,2022-11-01,2402
3,10,3,4,2022-11-01,565
1,10,3,6,2022-12-01,3
3,10,3,3,2022-12-01,471
3,5,4,3,2022-04-01,281
1,9,4,7,2022-05-01,1
1,10,4,6,2022-06-01,2
2,9,1,1,2022-06-01,2191
3,10,4,3,2022-06-01,193
3,12,4,3,2022-06-01,167
2,12,1,1,2022-07-01,539
3,3,4,5,2022-07-01,323
3,5,4,3,2022-07-01,292
3,9,4,4,2022-07-01,547
3,1,3,3,2022-08-01,8
3,3,2,3,2022-08-01,18
3,3,2,5,2022-08-01,29
3,9,2,4,2022-08-01,52
3,10,2,4,2022-08-01,3
3,4,4,4,2022-02-01,126
3,3,4,5,2022-03-01,67
3,4,4,4,2022-03-01,128
3,7,4,4,2022-03-01,78
3,11,4,5,2022-03-01,607
3,12,4,5,2022-03-01,155
1,9,4,7,2022-04-01,10
2,3,1,1,2022-04-01,36
2,4,1,1,2022-04-01,1249
1,9,4,8,2022-06-01,5
2,5,1,1,2022-06-01,1164
3,9,4,3,2022-06-01,803
3,9,4,5,2022-06-01,1139
3,4,4,3,2022-07-01,83
3,5,4,5,2022-07-01,1142
3,12,3,5,2022-08-01,133
3,9,3,5,2022-09-01,627
1,5,3,7,2022-10-01,3
1,9,3,6,2022-10-01,6
3,3,3,4,2022-11-01,210
3,9,3,4,2022-12-01,227
3,12,3,3,2022-12-01,4
3,10,4,5,2022-07-01,316
1,5,2,6,2022-08-01,2
3,5,2,3,2022-08-01,23
3,12,2,5,2022-08-01,2
1,3,3,8,2022-09-01,2
2,4,1,1,2022-09-01,1
3,5,3,4,2022-09-01,371
2,7,1,1,2022-10-01,219
3,5,3,5,2022-10-01,865
1,5,3,8,2022-11-01,2
3,9,3,3,2022-12-01,361
3,10,3,4,2022-12-01,453
3,12,3,5,2022-12-01,34
1,5,4,6,2022-02-01,2
3,9,4,3,2022-02-01,459
3,9,4,5,2022-03-01,986
3,11,4,3,2022-03-01,352
2,9,1,1,2022-04-01,3804
3,5,4,4,2022-04-01,223
3,9,4,3,2022-04-01,905
3,11,4,5,2022-04-01,452
1,11,4,7,2022-05-01,5
2,9,1,1,2022-05-01,4343
3,4,4,4,2022-05-01,135
3,4,4,3,2022-05-01,171
3,12,4,5,2022-05-01,160
1,3,4,7,2022-06-01,4
2,12,1,1,2022-06-01,544
3,2,4,5,2022-06-01,1
3,4,4,4,2022-06-01,52
3,5,4,4,2022-06-01,259
1,9,4,7,2022-07-01,8
3,8,3,5,2022-08-01,2
3,10,2,5,2022-08-01,29
3,11,4,5,2022-08-01,3
1,5,3,7,2022-09-01,1
1,5,3,6,2022-09-01,3
1,11,3,6,2022-09-01,6
3,3,3,5,2022-09-01,1017
3,3,3,4,2022-10-01,346
3,9,3,3,2022-10-01,639
3,10,3,4,2022-10-01,277
3,4,3,5,2022-11-01,299
3,5,3,5,2022-11-01,952
3,7,3,4,2022-11-01,124
3,8,3,3,2022-11-01,380
3,10,3,3,2022-11-01,525
1,5,3,7,2022-12-01,3
3,5,3,4,2022-10-01,364
1,9,3,8,2022-11-01,5
1,9,3,6,2022-11-01,11
1,11,3,8,2022-11-01,1
3,5,3,3,2022-11-01,347
1,5,3,6,2022-12-01,5
2,5,1,1,2022-12-01,61
2,12,1,1,2022-12-01,84
3,3,4,5,2022-08-01,1
3,3,2,4,2022-08-01,18
3,3,3,3,2022-08-01,134
3,7,3,3,2022-08-01,10
3,7,3,5,2022-08-01,110
3,9,2,3,2022-08-01,83
3,12,2,3,2022-08-01,14
3,12,3,3,2022-08-01,116
3,3,3,3,2022-09-01,354
1,5,3,6,2022-10-01,15
2,12,1,1,2022-10-01,2483
3,11,3,5,2022-10-01,242
3,12,3,4,2022-10-01,166
3,12,3,3,2022-10-01,292
3,12,3,5,2022-10-01,376
1,4,3,6,2022-12-01,4
1,8,3,7,2022-12-01,1
1,7,4,8,2022-03-01,1
3,11,4,4,2022-03-01,337
3,12,4,3,2022-03-01,154
1,9,4,8,2022-04-01,4
2,4,1,1,2022-05-01,770
3,1,4,3,2022-05-01,13
3,3,4,5,2022-05-01,586
3,9,4,4,2022-05-01,790
3,9,4,5,2022-05-01,1416
1,5,4,6,2022-06-01,4
1,12,4,7,2022-06-01,5
3,9,4,4,2022-06-01,618
2,9,1,1,2022-07-01,3565
1,12,3,6,2022-08-01,1
2,5,1,1,2022-08-01,1870
3,3,3,5,2022-08-01,376
3,5,4,3,2022-08-01,4
3,5,3,4,2022-08-01,169
3,9,4,5,2022-08-01,57
3,11,2,3,2022-08-01,5
3,11,2,5,2022-08-01,7
3,11,3,5,2022-08-01,130
3,11,3,4,2022-08-01,146
3,12,3,4,2022-09-01,140
1,7,3,6,2022-10-01,1
2,5,1,1,2022-10-01,1018
3,8,3,3,2022-10-01,21
3,11,3,3,2022-10-01,79
3,9,3,3,2022-11-01,630
3,11,3,3,2022-11-01,88
2,4,1,1,2022-12-01,429
3,7,3,3,2022-12-01,54
3,8,3,5,2022-12-01,360
3,11,3,4,2022-12-01,174
3,12,3,4,2022-12-01,18
1,11,4,6,2022-02-01,1
1,9,4,6,2022-02-01,5
3,12,4,5,2022-02-01,189
3,9,4,4,2022-03-01,502
3,12,4,4,2022-03-01,90
2,12,1,1,2022-04-01,1626
1,9,4,6,2022-05-01,4
2,12,1,1,2022-05-01,1206
3,7,4,5,2022-05-01,434
3,10,4,5,2022-05-01,349
3,12,4,3,2022-05-01,137
1,12,4,6,2022-06-01,2
3,7,4,5,2022-06-01,792
3,10,4,5,2022-06-01,463
3,9,4,5,2022-07-01,959
2,12,1,1,2022-08-01,1309
3,5,3,5,2022-08-01,813
3,10,3,4,2022-08-01,58
3,9,3,4,2022-09-01,190
3,10,3,5,2022-09-01,308
3,9,3,5,2022-10-01,778
1,5,3,7,2022-11-01,1
2,9,1,1,2022-11-01,2064
3,7,3,3,2022-11-01,107
3,11,3,4,2022-11-01,99
1,5,3,8,2022-12-01,3
2,7,1,1,2022-12-01,238
3,3,3,3,2022-12-01,153
3,8,3,4,2022-12-01,224
3,12,4,5,2022-01-01,136
1,12,4,8,2022-02-01,2
3,3,4,3,2022-02-01,60
3,4,4,5,2022-02-01,434
1,9,4,6,2022-03-01,3
2,9,1,1,2022-03-01,2435
1,5,4,8,2022-04-01,1
1,9,4,6,2022-04-01,10
2,5,1,1,2022-04-01,300
3,3,4,4,2022-04-01,78
3,3,4,3,2022-04-01,92
3,4,4,3,2022-04-01,92
3,10,4,4,2022-04-01,101
3,4,4,5,2022-05-01,356
3,5,4,4,2022-05-01,270
3,10,4,4,2022-06-01,97
3,7,2,4,2022-08-01,1
3,9,3,4,2022-08-01,515
3,10,3,3,2022-08-01,92
1,3,4,8,2022-02-01,2
2,7,1,1,2022-02-01,1600
3,7,4,5,2022-02-01,415
3,9,4,5,2022-02-01,787
3,11,4,5,2022-02-01,617
1,5,4,7,2022-03-01,2
1,9,4,8,2022-03-01,4
2,3,1,1,2022-03-01,414
2,12,1,1,2022-03-01,1436
3,3,4,4,2022-03-01,13
3,7,4,5,2022-03-01,442
3,9,4,3,2022-03-01,840
2,7,1,1,2022-05-01,2168
3,5,4,3,2022-05-01,296
3,11,4,4,2022-05-01,237
3,7,4,4,2022-06-01,144
3,11,4,5,2022-06-01,382
1,7,4,6,2022-07-01,1
3,3,4,5,2022-02-01,296
3,5,4,3,2022-02-01,241
3,1,4,3,2022-03-01,3
3,10,4,4,2022-03-01,80
3,10,4,5,2022-03-01,351
2,7,1,1,2022-04-01,2902
3,1,4,3,2022-04-01,1
3,4,4,5,2022-04-01,283
3,5,4,5,2022-04-01,835
3,7,4,5,2022-04-01,453
3,12,4,5,2022-04-01,123
1,5,4,6,2022-05-01,8
3,7,4,4,2022-05-01,69
3,9,4,3,2022-05-01,912
3,12,4,4,2022-05-01,90
2,7,1,1,2022-06-01,1544
3,1,4,3,2022-06-01,2
3,12,4,4,2022-06-01,260
3,5,4,4,2022-07-01,268
3,5,4,5,2022-08-01,29
3,9,4,3,2022-08-01,52
2,12,1,1,2022-09-01,1600
3,11,3,3,2022-09-01,100
3,12,3,3,2022-09-01,241
3,5,3,3,2022-10-01,291
3,10,3,5,2022-10-01,621
1,10,3,8,2022-11-01,1
3,7,3,5,2022-11-01,690
1,4,3,7,2022-12-01,9
3,4,3,3,2022-12-01,86
3,8,3,3,2022-12-01,249
2,12,1,1,2022-02-01,799
3,7,4,3,2022-02-01,51
3,11,4,3,2022-02-01,292
3,4,4,3,2022-03-01,135
3,3,4,3,2022-05-01,246
3,7,4,3,2022-05-01,89
3,12,4,5,2022-06-01,210
2,7,1,1,2022-07-01,1278
3,7,4,3,2022-07-01,68
3,12,4,3,2022-07-01,97
1,5,3,6,2022-08-01,8
1,11,3,8,2022-08-01,1
3,3,4,4,2022-08-01,1
3,5,2,4,2022-08-01,23
3,10,4,5,2022-08-01,1
3,12,2,4,2022-08-01,7
2,3,1,1,2022-02-01,463
2,5,1,1,2022-02-01,3163
2,4,1,1,2022-03-01,1206
2,5,1,1,2022-03-01,1568
3,10,4,3,2022-03-01,108
1,5,4,6,2022-04-01,2
3,3,4,5,2022-04-01,241
3,11,4,4,2022-04-01,258
1,11,4,6,2022-05-01,2
3,3,4,4,2022-05-01,204
3,10,4,4,2022-05-01,96
3,10,4,3,2022-05-01,190
1,3,4,6,2022-07-01,2
1,11,4,6,2022-07-01,2
1,12,4,6,2022-07-01,2
3,3,4,3,2022-07-01,142
1,3,3,6,2022-11-01,1
2,4,1,1,2022-07-01,670
3,4,4,5,2022-07-01,229
3,10,4,3,2022-07-01,106
1,3,3,6,2022-09-01,18
1,10,3,7,2022-09-01,2
2,5,1,1,2022-09-01,1868
2,7,1,1,2022-09-01,602
3,5,3,3,2022-09-01,305
3,11,3,4,2022-09-01,157
3,3,3,3,2022-10-01,318
3,7,3,4,2022-10-01,101
3,8,3,5,2022-10-01,21
1,10,3,6,2022-11-01,3
2,5,1,1,2022-11-01,158
3,12,3,4,2022-11-01,101
3,12,3,3,2022-11-01,111
3,5,3,4,2022-12-01,315
3,5,3,3,2022-12-01,344
3,7,3,4,2022-12-01,90
1,5,2,8,2022-08-01,1
1,9,3,8,2022-08-01,1
1,9,3,6,2022-08-01,2
2,9,1,1,2022-08-01,5691
3,3,3,4,2022-08-01,247
1,10,3,7,2022-10-01,4
3,7,3,3,2022-10-01,67
3,9,3,4,2022-10-01,371
3,11,3,4,2022-10-01,103
1,3,3,8,2022-11-01,4
3,5,3,4,2022-11-01,401
3,8,3,5,2022-11-01,374
3,12,3,5,2022-11-01,190
3,5,3,5,2022-12-01,731
3,7,3,5,2022-12-01,481
1,9,4,7,2022-02-01,2
3,12,4,3,2022-02-01,112
3,5,4,3,2022-03-01,264
1,11,4,6,2022-04-01,3
3,4,4,4,2022-04-01,84
3,7,4,4,2022-04-01,51
3,10,4,3,2022-04-01,180
3,11,4,3,2022-04-01,246
3,12,4,4,2022-04-01,44
1,7,4,7,2022-06-01,1
1,7,4,6,2022-06-01,1
3,7,4,3,2022-06-01,125
1,9,4,8,2022-07-01,2
3,12,4,5,2022-07-01,125
1,3,3,6,2022-08-01,4
3,9,4,4,2022-08-01,26
3,10,4,4,2022-08-01,1
3,11,4,4,2022-08-01,8
3,9,3,3,2022-09-01,488
3,10,3,3,2022-09-01,61
2,4,1,1,2022-10-01,2
1,9,3,7,2022-11-01,22
3,8,3,4,2022-11-01,282
3,9,3,5,2022-11-01,855
1,9,3,7,2022-12-01,6
1,9,3,6,2022-12-01,7
3,3,3,5,2022-12-01,442
3,4,3,5,2022-12-01,175
3,10,3,5,2022-12-01,1044
3,11,3,3,2022-12-01,86
1,3,3,6,2022-12-01,5
1,9,3,8,2022-12-01,2
3,9,3,5,2022-12-01,528
3,11,3,5,2022-12-01,246
3,12,4,4,2022-07-01,121
3,9,2,5,2022-08-01,97
3,12,3,4,2022-08-01,109
2,9,1,1,2022-09-01,4443
1,3,3,6,2022-10-01,4
1,10,3,6,2022-10-01,3
1,4,3,6,2022-11-01,7
1,7,3,7,2022-11-01,1
3,3,3,3,2022-11-01,207
1,4,3,8,2022-12-01,2
1,11,3,6,2022-12-01,1
3,3,3,4,2022-12-01,162
3,11,4,4,2022-02-01,364
1,5,4,7,2022-04-01,1
3,12,4,3,2022-04-01,87
1,3,4,8,2022-06-01,3
3,11,4,4,2022-06-01,201
3,1,4,3,2022-07-01,10
3,11,4,4,2022-07-01,131
1,9,3,7,2022-08-01,2
3,4,2,3,2022-08-01,1
3,9,3,3,2022-08-01,790
3,11,4,3,2022-08-01,2
3,11,2,4,2022-08-01,11
2,9,1,1,2022-10-01,1617
3,3,3,5,2022-10-01,931
3,3,3,5,2022-11-01,590
3,4,3,4,2022-11-01,72
3,4,3,3,2022-11-01,113
3,11,3,5,2022-11-01,204
3,4,3,4,2022-12-01,59
